{"cameraMode":{"drawMode":0,"name":"Shaded","section":"Shading Mode"},"sceneLighting":true,"audioPlay":false,"sceneViewState":{"showFog":true,"showMaterialUpdate":false,"showSkybox":true,"showFlares":true,"showImageEffects":true,"showParticleSystems":true,"showVisualEffectGraphs":true,"m_FxEnabled":true},"in2DMode":false,"pivot":{"x":0.36646032333374026,"y":-0.6626596450805664,"z":0.15339136123657227},"rotation":{"x":-0.10120827704668045,"y":0.8930307626724243,"z":-0.25178396701812746,"w":-0.35896676778793337},"size":4.207070350646973,"orthographic":false}